"","genere","tasso_2025","tasso_2015_19","diff_tasso","diff_tasso_perc"
"1","FEMMINE",1123.67598729798,1239.50804533457,-115.832058036596,-9.34500251713416
"2","MASCHI",1087.29591662318,1260.54869474178,-173.252778118604,-13.7442352557506
